{
  "results": [
    {
      "command": "python hello.py benchmark/hamlet_64.txt",
      "mean": 1.36141461414,
      "stddev": 0.11537689802665961,
      "median": 1.3664033781400002,
      "user": 1.0675849666666666,
      "system": 0.5207463199999999,
      "min": 1.2436242531400001,
      "max": 1.4742162111400001,
      "times": [
        1.3664033781400002,
        1.4742162111400001,
        1.2436242531400001
      ],
      "exit_codes": [
        0,
        0,
        0
      ]
    }
  ]
}
