{
  "results": [
    {
      "command": "python hello.py benchmark/hamlet_64.txt",
      "mean": 0.5588257453666667,
      "stddev": 0.09916882046807064,
      "median": 0.5030551067,
      "user": 0.5337408266666667,
      "system": 0.021432220000000002,
      "min": 0.5000988147000001,
      "max": 0.6733233147000001,
      "times": [
        0.5000988147000001,
        0.5030551067,
        0.6733233147000001
      ],
      "exit_codes": [
        0,
        0,
        0
      ]
    }
  ]
}
