{
  "results": [
    {
      "command": "python hello.py benchmark/hamlet_128.txt",
      "mean": 3.68029556794,
      "stddev": 0.8383975185895473,
      "median": 3.99595720694,
      "user": 3.0788494933333332,
      "system": 1.1003194333333333,
      "min": 2.72988749894,
      "max": 4.315041997940001,
      "times": [
        2.72988749894,
        4.315041997940001,
        3.99595720694
      ],
      "exit_codes": [
        0,
        0,
        0
      ]
    }
  ]
}
