{
  "results": [
    {
      "command": "python hello.py benchmark/hamlet_32.txt",
      "mean": 1.0305606212866667,
      "stddev": 0.3335191654009264,
      "median": 1.11600092662,
      "user": 0.7950360133333333,
      "system": 0.45048882000000007,
      "min": 0.6626328436200001,
      "max": 1.31304809362,
      "times": [
        0.6626328436200001,
        1.11600092662,
        1.31304809362
      ],
      "exit_codes": [
        0,
        0,
        0
      ]
    }
  ]
}
