{
  "results": [
    {
      "command": "source /Users/jam/.venvs/parallel-313t/bin/activate && python hello.py benchmark/hamlet_128.txt",
      "mean": 4.09650292578,
      "stddev": 0.30337144727660076,
      "median": 4.00264884278,
      "user": 5.249466193333333,
      "system": 0.55142392,
      "min": 3.8511496337800004,
      "max": 4.43571030078,
      "times": [
        3.8511496337800004,
        4.00264884278,
        4.43571030078
      ],
      "exit_codes": [
        0,
        0,
        0
      ]
    }
  ]
}
