{
  "results": [
    {
      "command": "python hello.py benchmark/hamlet_16.txt",
      "mean": 0.54104534696,
      "stddev": 0.16881372270065523,
      "median": 0.5614027499600001,
      "user": 0.40681119999999993,
      "system": 0.24586373333333333,
      "min": 0.36297604096,
      "max": 0.69875724996,
      "times": [
        0.36297604096,
        0.69875724996,
        0.5614027499600001
      ],
      "exit_codes": [
        0,
        0,
        0
      ]
    }
  ]
}
