{
  "results": [
    {
      "command": "python hello.py benchmark/hamlet_128.txt",
      "mean": 2.14210660026,
      "stddev": 0.27587546887450765,
      "median": 2.05983526726,
      "user": 2.0963972799999997,
      "system": 0.034768893333333335,
      "min": 1.91672614126,
      "max": 2.44975839226,
      "times": [
        1.91672614126,
        2.05983526726,
        2.44975839226
      ],
      "exit_codes": [
        0,
        0,
        0
      ]
    }
  ]
}
