{
  "results": [
    {
      "command": "python hello.py benchmark/hamlet_16.txt",
      "mean": 0.21452814506666665,
      "stddev": 0.019794333098138103,
      "median": 0.2254630754,
      "user": 0.19382198666666664,
      "system": 0.01784272,
      "min": 0.19167861740000003,
      "max": 0.2264427424,
      "times": [
        0.2254630754,
        0.2264427424,
        0.19167861740000003
      ],
      "exit_codes": [
        0,
        0,
        0
      ]
    }
  ]
}
