{
  "results": [
    {
      "command": "python hello.py benchmark/hamlet_32.txt",
      "mean": 0.4263122739066667,
      "stddev": 0.12325859869559747,
      "median": 0.38389291224,
      "user": 0.4020635333333333,
      "system": 0.020005973333333333,
      "min": 0.32986512124,
      "max": 0.5651787882400001,
      "times": [
        0.5651787882400001,
        0.32986512124,
        0.38389291224
      ],
      "exit_codes": [
        0,
        0,
        0
      ]
    }
  ]
}
