{"mean":{"confidence_interval":{"confidence_level":0.95,"lower_bound":3693080.100017857,"upper_bound":3813684.7992857127},"point_estimate":3753675.212857142,"standard_error":30823.62086246372},"median":{"confidence_interval":{"confidence_level":0.95,"lower_bound":3638267.8571428573,"upper_bound":3784564.0},"point_estimate":3719819.9642857146,"standard_error":37217.2386248519},"median_abs_dev":{"confidence_interval":{"confidence_level":0.95,"lower_bound":230796.6582500402,"upper_bound":376604.67618393},"point_estimate":322549.3670736043,"standard_error":34957.04476455526},"slope":null,"std_dev":{"confidence_interval":{"confidence_level":0.95,"lower_bound":267043.2930139496,"upper_bound":345819.174273722},"point_estimate":308496.81785421696,"standard_error":20147.037148169264}}